state_alpha,year,yield_bu_per_acre,mean_dsci,farm_gdp
AL,2025,152,0.7684238909666797,NA
AL,2024,112,0.8722054455366596,3110700000
AL,2023,164,0.6975504380260904,2456700000
AL,2022,118,0.44193181639076085,3543000000
AL,2021,163,0.13366933625945904,2188200000
AL,2020,158,0.12456397303666071,887400000
AL,2019,147,0.4797288969497532,1357200000
AL,2018,156,0.4083124587207804,1811600000
AL,2017,167,0.6451515703239079,1802700000
AL,2016,120,1.0283990937519227,1435500000
AL,2015,147,0.47215493366294237,2063900000
AL,2014,159,0.4190673105648244,2043500000
AL,2013,147,0.28248567500973937,2539900000
AL,2012,98,1.4465508720701343,1259000000
AL,2011,114,1.6044870367652366,1054599999.9999999
AL,2010,115,0.6751340511970164,1382800000
AL,2009,108,0.1884361555421728,1418700000
AL,2008,104,1.5806675338546374,1381700000
AL,2007,78,2.0501468878520765,1424100000
AL,2006,72,0.8325232277422975,1550800000
AL,2005,119,0.06997378906783672,2160000000
AL,2004,123,0.1333421556723123,2451000000
AL,2003,122,0.0039843135276487,1781500000
AL,2002,88,0.7219122685280855,1218000000
AL,2001,107,0.42178871763287806,1614000000
AL,2000,65,2.0561748845917514,1329200000
AZ,2025,198,2.131312766394043,NA
AZ,2024,225,1.313696295298087,1950300000
AZ,2023,206,0.8936380897329043,1982200000
AZ,2022,220,1.7352238993492382,2484800000
AZ,2021,181,2.384150823463168,1270000000
AZ,2020,202,1.4716803434198085,1124500000
AZ,2019,231,0.874082734481246,1664500000
AZ,2018,220,2.163694788465308,1593300000
AZ,2017,195,0.8198965447183256,1748600000
AZ,2016,215,1.2531515006765215,1782400000
AZ,2015,210,1.4912323039843558,1536900000
AZ,2014,210,1.8370940037811954,1453600000
AZ,2013,177,1.774861658677138,1883600000
AZ,2012,195,1.8886620521424367,1370700000
AZ,2011,178,1.6813125440960348,1861300000
AZ,2010,210,0.9574127708899853,1150700000
AZ,2009,175,1.0035760195393908,835500000
AZ,2008,165,0.6335948425887655,1119100000
AZ,2007,185,1.9222951901476826,1592800000
AZ,2006,170,1.9476977636693624,1298700000
AZ,2005,195,0.931675235281037,1595600000
AZ,2004,180,2.192063016607384,1788600000
AZ,2003,190,2.1946527771155715,1214700000
AZ,2002,185,2.0503921646225067,1213600000
AZ,2001,208,0.02011706397423848,1137300000
AZ,2000,196,0.786675161284198,1224300000
AR,2025,182,0.5510534299892638,NA
AR,2024,187,0.7142288467207561,5205500000
AR,2023,183,0.4796728476077742,3736200000
AR,2022,173,1.1348074956346026,4902000000
AR,2021,184,0.2893153900742088,3095700000
AR,2020,184,0.12307069328998445,1087400000
AR,2019,175,0.09299801522245695,1208600000
AR,2018,181,0.5329971444476739,2186300000
AR,2017,183,0.788434600075493,2329400000
AR,2016,171,0.40476298122481347,1796700000
AR,2015,181,0.47749645080613584,2213200000
AR,2014,187,0.2869101381439588,2990700000
AR,2013,186,0.7838396244154456,3364200000
AR,2012,178,1.3420024200990304,2012800000
AR,2011,141,1.4973985088414519,1715700000
AR,2010,150,0.7660686675970079,1552900000
AR,2009,148,0.025644354447652295,1751200000
AR,2008,152,0.062393617375026106,2459200000
AR,2007,169,0.48441315895046455,2564100000
AR,2006,146,1.3995668974458084,2219400000
AR,2005,131,1.0256989832347652,2412300000
AR,2004,140,0.1585997866929511,3359400000
AR,2003,140,0.22195328926185878,2244400000
AR,2002,134,0.16792587004126247,1535600000
AR,2001,145,0.5221369758001079,1933300000
AR,2000,130,1.1642002328058523,1695700000
CA,2025,173,1.2478376301665728,NA
CA,2024,182,0.37525889235716736,35079000000
CA,2023,178,0.5584278233168195,31338900000
CA,2022,177,2.2563400961969156,33701800000.000004
CA,2021,188,2.4793127476795025,28862500000
CA,2020,187,1.336585781542454,24650200000
CA,2019,168,0.29882155709646907,24085500000
CA,2018,173,1.3842086684378772,26245600000
CA,2017,167,0.5639698133844055,27139100000
CA,2016,185,2.4118323555399686,25514200000
CA,2015,157,2.6565792956226475,26979300000
CA,2014,165,2.6174274002002162,30792000000
CA,2013,191,1.816492218756256,28826800000
CA,2012,180,1.4994959562282892,25165800000
CA,2011,181,0.09085184108548051,24141100000
CA,2010,192,0.45401705864861364,20539300000
CA,2009,180,1.6878697009084636,17596800000
CA,2008,195,1.5497430010137447,18125000000
CA,2007,182,1.9060541061306988,20923700000
CA,2006,165,0.15653643092930636,17301300000
CA,2005,172,0.07298836559569266,19745400000
CA,2004,175,1.1492904722949315,19806000000
CA,2003,160,1.021091213885583,16050000000
CA,2002,170,1.3687608456583218,14210700000
CA,2001,170,1.002402156775653,13549500000
CA,2000,170,0.1280764003456999,13780700000
CO,2025,133,1.2572791598082362,NA
CO,2024,116,0.6943957274819809,2303300000
CO,2023,122,0.7909650139980677,2906000000
CO,2022,121,1.7229049992566652,3034800000
CO,2021,129,2.0353737167592207,2647700000
CO,2020,116,1.9023196938555518,1552900000
CO,2019,123,0.8462487549646545,2115400000
CO,2018,129,2.0322642126681942,2088199999.9999998
CO,2017,143,0.5160282120974503,1980700000
CO,2016,137,0.38272507369757713,2265800000
CO,2015,142,0.5948368773199709,2441400000
CO,2014,146,1.1226999399567,2382800000
CO,2013,131,1.9978335314958233,2382600000
CO,2012,133,1.9273342833378453,2242000000
CO,2011,133,1.297681230312574,2497700000
CO,2010,151,0.46119935154384617,2000900000
CO,2009,153,0.4437041500522394,1772000000
CO,2008,137,0.7386386931800829,1946100000
CO,2007,140,0.5334493421065127,2264700000
CO,2006,156,1.3019537332007878,1750300000
CO,2005,148,0.6843020191742348,1924600000
CO,2004,135,1.7290499381209954,1891700000
CO,2003,135,2.166781540110534,1415400000
CO,2002,150,2.171689225064135,1369700000
CO,2001,140,0.19651418741345447,1693900000
CO,2000,126,0.5042211932651522,1342600000
DE,2025,191,0.8069237807895993,NA
DE,2024,171,0.7254686973166793,957300000
DE,2023,189,0.21721271182157112,733000000
DE,2022,170,0.27427192888534585,1099400000
DE,2021,184,0.0711998613999126,615700000
DE,2020,160,0.06724580663438876,291600000
DE,2019,161,0.2083067699275397,517900000
DE,2018,145,0.09788525219486492,588700000
DE,2017,189,0.2827703438975915,578000000
DE,2016,170,0.10029617243769796,401800000
DE,2015,192,0.03126200101954359,458500000
DE,2014,200,0.005961534260726919,607000000
DE,2013,166,0.003989945626604572,551400000
DE,2012,135,1.1149557806759536,385900000
DE,2011,130,0.47398511439902913,339900000
DE,2010,114,0.298631153567405,353600000
DE,2009,145,0.29418623009268274,375300000
DE,2008,125,0.595647651171858,313600000
DE,2007,99,0.7289728731273624,325500000
DE,2006,145,0.3427852159257799,309800000
DE,2005,143,0.13662371100428056,397900000
DE,2004,152,0,380300000
DE,2003,123,0,251000000
DE,2002,84,1.821812118221297,155000000
DE,2001,146,0.41043880278499,274900000
DE,2000,162,0.022326311717132077,207400000
FL,2025,155,1.19921875379161,NA
FL,2024,141,0.4057628711908964,5007500000
FL,2023,158,0.8580945761897723,5972000000
FL,2022,164,0.5310577719699926,5285500000
FL,2021,176,0.1874228542208632,4652700000
FL,2020,138,0.37195017566984057,3583700000
FL,2019,161,0.4355998790150921,3952100000
FL,2018,157,0.37806125488222153,4121399999.9999995
FL,2017,161,0.6001038879899256,4406600000
FL,2016,145,0.21971430127531474,4090000000
FL,2015,141,0.4009430582420492,4784300000
FL,2014,135,0.15152968141726408,4447200000
FL,2013,133,0.4750670677455319,4438000000
FL,2012,115,1.0167287041648254,4772400000
FL,2011,104,1.709187749369502,4311800000
FL,2010,109,0.47462172857983764,4423100000
FL,2009,97,0.6143739866787044,3692900000
FL,2008,110,0.7026764138506206,3923600000
FL,2007,90,1.4747289884951642,4512600000
FL,2006,82,0.7842972455610461,4434900000
FL,2005,94,0.09124932019171386,4537200000
FL,2004,90,0.11776595878149475,4239899999.9999995
FL,2003,82,0.024596877701487167,4043300000
FL,2002,96,0.4013483474407838,3964400000
FL,2001,87,1.491926518192049,4052800000
FL,2000,75,1.847385729887992,4247700000
GA,2025,187,0.8047198192421043,NA
GA,2024,163,0.4445766170892373,5371900000
GA,2023,174,0.4433269971535325,3582600000
GA,2022,175,0.6692588324108454,5310900000
GA,2021,182,0.11892899005348515,2949300000
GA,2020,180,0.1298278830557649,1677800000
GA,2019,160,0.671045541733328,2535300000
GA,2018,176,0.5406684433395759,3087900000
GA,2017,176,0.7793656174845878,3270000000
GA,2016,165,1.1319158914535152,2720000000
GA,2015,171,0.40452834686272093,3392400000
GA,2014,170,0.31897974856365335,3138300000
GA,2013,175,0.5460954401907833,3497400000
GA,2012,180,2.2714581403695027,3294000000
GA,2011,159,2.090732318813393,2616700000
GA,2010,146,0.5543265958570057,2246900000
GA,2009,140,0.391715257904377,2649800000
GA,2008,140,1.8373306940588332,2946200000
GA,2007,127,1.8583823111452802,2693800000
GA,2006,110,0.8621355266876665,2275900000
GA,2005,128,0.03700805723084291,2992300000
GA,2004,128,0.4110399660850646,3054100000
GA,2003,126,0.09605103273646162,2529800000
GA,2002,110,1.8129637223175175,1882900000
GA,2001,134,1.229795915472614,2628100000
GA,2000,107,2.079965062482063,2380800000
ID,2025,209,1.3528720028475585,NA
ID,2024,206,1.114576713637055,4250700000
ID,2023,203,0.9677642112431083,4366000000
ID,2022,216,1.6240647338513923,5037700000
ID,2021,210,1.7905743897251039,3297900000
ID,2020,199,0.724923549649757,2972100000
ID,2019,205,0.3461005680809242,3103600000
ID,2018,213,0.6969491714486774,2992200000
ID,2017,203,0.21358566510277424,2682700000
ID,2016,188,0.5734680114563131,2955800000
ID,2015,207,1.6709614521006035,3079400000
ID,2014,200,1.482332337873118,3424900000
ID,2013,181,1.3762630494594497,3304000000
ID,2012,195,0.6988669839470735,2995100000
ID,2011,189,0.017476663438972886,2970400000
ID,2010,190,0.6844820247072375,2192900000
ID,2009,185,0.5314604938214373,1780600000
ID,2008,170,1.1933930592606157,2525400000
ID,2007,170,1.3443033140594778,2489000000
ID,2006,170,0.2893218370353926,1853900000
ID,2005,170,1.8236019800633028,1854700000
ID,2004,175,2.2237627012718875,2171500000
ID,2003,140,2.2437646983788984,1454600000
ID,2002,155,1.769247317421027,1624500000
ID,2001,150,1.8712476931533946,1600100000
ID,2000,160,0.46374265456522556,1465600000
IL,2025,214,0.9818532397173422,NA
IL,2024,217,0.623047290092703,10201300000
IL,2023,206,0.7794326725771951,11173800000
IL,2022,214,0.563453299216441,13647900000
IL,2021,202,0.3959602951604564,10841800000
IL,2020,191,0.281206407302467,5458400000
IL,2019,181,0.10270804793868947,4342600000
IL,2018,210,0.22435754602436478,5995700000
IL,2017,201,0.4096951162682174,5414700000
IL,2016,197,0.10432983181565375,5387100000
IL,2015,175,0.1260482345381926,3961700000
IL,2014,200,0.17756107910412028,7214400000
IL,2013,178,0.6138242369882637,10545900000
IL,2012,105,1.0820173356239708,5576800000
IL,2011,157,0.3310151787149373,7466100000
IL,2010,157,0.15662355845608664,4503700000
IL,2009,174,7.366164331999553e-4,4503500000
IL,2008,179,0.02076654225917039,6305600000
IL,2007,175,0.4281564809902524,4767200000
IL,2006,163,0.6987986775301706,3291100000
IL,2005,143,1.1423779488684216,2283000000
IL,2004,180,0.06233918573172832,4794000000
IL,2003,164,0.6635807789341556,3148800000
IL,2002,135,0.2803126857611445,2260700000
IL,2001,152,0.2390430705223568,1862700000
IL,2000,151,0.7407525248465814,1940300000
IN,2025,204,0.7449518650881678,NA
IN,2024,198,0.6850813899919751,6594200000
IN,2023,203,0.727762486555964,7139600000
IN,2022,190,0.4679410107506985,8176900000
IN,2021,195,0.2625804072042788,6367800000
IN,2020,187,0.4106539033451643,3675200000
IN,2019,169,0.17778493100821935,2587300000
IN,2018,189,0.04579207261995521,3492200000
IN,2017,180,0.12373909008474089,3426000000
IN,2016,173,0.17032577524007605,3248900000
IN,2015,150,0.27021293829558646,3259000000
IN,2014,188,0.021968661663617127,4912300000
IN,2013,177,0.213126294675943,6963000000
IN,2012,99,0.884082146987881,3798300000
IN,2011,146,0.41614163636910784,4355200000
IN,2010,157,0.49054899322947876,2893800000
IN,2009,171,0.030503817735989244,2811600000
IN,2008,160,0.11205624797190099,3664100000
IN,2007,154,0.5676254352411357,2822200000
IN,2006,157,0.08851376403590439,2052300000.0000002
IN,2005,154,0.39673484253007696,1857700000
IN,2004,168,0.08979039168639678,3044000000
IN,2003,146,0.3580314304673648,2080800000.0000002
IN,2002,121,0.4349913555334455,1293100000
IN,2001,156,0.24447666864340456,1391000000
IN,2000,146,0.6774127910068128,1242500000
IA,2025,210,0.7320678473446339,NA
IA,2024,211,1.1563854877581314,14015900000
IA,2023,201,1.6653282627539612,13744800000
IA,2022,200,1.130874554023419,18782300000
IA,2021,204,1.1506533695309193,12830300000
IA,2020,177,0.7115337835131499,4743900000
IA,2019,198,0.07818826701135582,6020300000
IA,2018,196,0.37504450981270004,8339900000
IA,2017,202,0.4746404213300933,7923100000
IA,2016,203,0.1274401191865235,7110000000
IA,2015,192,0.123544488137092,8667700000
IA,2014,178,0.5669706255493759,10624500000
IA,2013,164,1.3378384379259733,12412200000
IA,2012,137,1.6114523237935476,10033800000
IA,2011,172,0.49407047099666895,10241900000
IA,2010,165,0,5995800000
IA,2009,181,0.03548050720711154,5646200000
IA,2008,171,0.055057825859626944,7413300000
IA,2007,171,0.16160505895675187,6319800000
IA,2006,166,0.8912789494922344,4637400000
IA,2005,173,0.7402729838520274,4735800000
IA,2004,181,0.3258147276343195,6634100000
IA,2003,157,1.3458945452087216,3736600000
IA,2002,163,0.3825750060552395,3591900000
IA,2001,146,0.23925802962596465,2740200000
IA,2000,144,1.377365797298798,2735600000
KS,2025,145,0.6722975478731218,NA
KS,2024,129,1.1968313746416348,6768700000
KS,2023,119,2.177341562498498,7772600000
KS,2022,115,2.003478426486062,6297200000
KS,2021,139,0.711983869111796,6420400000
KS,2020,134,0.8972139595854459,4395300000
KS,2019,133,0.21592069298699668,3204800000
KS,2018,129,1.2777632158435577,3859200000
KS,2017,132,0.608563112607661,3588300000
KS,2016,142,0.31742108715682665,4292800000
KS,2015,148,0.7944407076859875,3765100000
KS,2014,149,1.721416782336986,4564300000
KS,2013,126,2.123815275692268,6967800000
KS,2012,95,1.9125009629006364,5074400000
KS,2011,107,1.7122057775626487,5839500000
KS,2010,124,0.16921733875053954,4221800000
KS,2009,155,0.17736224604627507,3692400000
KS,2008,133,0.4315139259246349,3714300000
KS,2007,138,0.2932094194205887,3221900000
KS,2006,115,1.3421111177027176,2391200000
KS,2005,135,0.3649282234890187,3070300000
KS,2004,150,1.1189606014854638,2910300000
KS,2003,120,1.423166431490996,2598600000
KS,2002,116,1.4805846810697545,1568000000
KS,2001,127,0.31160424663202896,1872400000
KS,2000,130,0.8457599882133798,1583000000
KY,2025,167,0.2095569110304656,NA
KY,2024,178,0.43306304031111414,3406200000
KY,2023,187,0.4551057218874734,3562900000
KY,2022,156,0.5114271795120391,4357100000
KY,2021,192,0.02666688328496404,3327200000
KY,2020,184,0.03947984579364324,1811900000
KY,2019,169,0.22989863885599215,2257000000
KY,2018,175,0.022135745137180213,2295000000
KY,2017,178,0.04048629838363352,2462300000
KY,2016,159,0.39911707875385816,1986800000
KY,2015,172,0.2822214509055865,2439200000
KY,2014,158,0.13717737747974676,2643300000
KY,2013,170,0.017944638917970875,3485700000
KY,2012,68,0.7990507321351981,1712800000
KY,2011,139,0.2783547575402925,1760800000
KY,2010,124,0.5338745791485962,1167600000
KY,2009,165,0.07955687283054615,1483400000
KY,2008,136,0.7775381291929173,1118100000
KY,2007,128,1.3215850927589994,1717500000
KY,2006,146,0.31206854728434535,2008800000
KY,2005,132,0.5579052945172868,1901200000
KY,2004,152,0.01392910491088609,2199200000
KY,2003,137,0.0011099917421762008,1499700000
KY,2002,104,0.3185886212709101,1388800000
KY,2001,142,0.5971558347744679,1587900000
KY,2000,130,0.6075849489844654,1873600000
LA,2025,193,0.34197739630710733,NA
LA,2024,185,0.5552863116012717,1801800000
LA,2023,175,1.3535167674141415,1568400000
LA,2022,170,1.3873571731493979,1526800000
LA,2021,183,0.27135141048262673,1567200000
LA,2020,181,0.22569590815133062,1093400000
LA,2019,165,0.22542334785850054,1001700000
LA,2018,173,0.5704277939797153,1107800000
LA,2017,184,0.4259456737323426,1151800000
LA,2016,165,0.4463200089382073,998100000
LA,2015,171,0.6113484389755611,1085000000
LA,2014,183,0.3699158883847589,1478100000
LA,2013,173,0.46993163450176034,1888900000
LA,2012,173,0.7337940704207438,1564400000
LA,2011,135,2.2773260609040338,1324700000
LA,2010,140,1.2063896418633488,1221700000
LA,2009,132,0.48705663335132493,1077400000
LA,2008,144,0.42721936033057517,932900000
LA,2007,163,0.3535442445497973,1084900000
LA,2006,140,1.1274741603312122,974600000
LA,2005,136,0.5824451570116639,901100000
LA,2004,135,0.06993116064395016,1061300000
LA,2003,134,0.24292529940400912,868700000
LA,2002,121,0.41185910820188726,561300000
LA,2001,148,0.19079576206270957,668900000
LA,2000,116,1.8999816244632657,609600000
MD,2025,171,1.133002024140376,NA
MD,2024,143,0.8259020494937225,1281400000
MD,2023,165,0.6890418422776721,1091600000
MD,2022,165,0.2507746571876658,1809300000
MD,2021,175,0.10765632746717972,1126600000
MD,2020,155,0.07977855790583067,536299999.99999994
MD,2019,161,0.19816295035859668,838600000
MD,2018,146,0.2712918399990679,772400000
MD,2017,172,0.4671017864069351,906900000
MD,2016,152,0.2648779225523279,736700000
MD,2015,164,0.09444041927105538,826100000
MD,2014,175,0.07587264002746252,985100000
MD,2013,158,0.06781947790314674,1147600000
MD,2012,122,0.7456965002762235,930800000
MD,2011,109,0.4205600566583789,840600000
MD,2010,106,0.4061099846637982,688000000
MD,2009,145,0.30594300862600626,723500000
MD,2008,121,0.4780394142627917,737500000
MD,2007,101,0.7961144538254366,664400000
MD,2006,140,0.3386802425303244,639600000
MD,2005,135,0.155773880547362,677900000
MD,2004,153,0,766900000
MD,2003,123,0,532200000.00000006
MD,2002,74,1.793606098355702,451800000
MD,2001,136,0.450046900940392,624600000
MD,2000,155,0.08123241805828965,602600000
MI,2025,178,0.8356724401339372,NA
MI,2024,181,0.7563687037390006,4642800000
MI,2023,168,0.5794532451760308,5360200000
MI,2022,168,0.44346742303734005,5346900000
MI,2021,174,0.6725281013215337,4328300000
MI,2020,153,0.13961940143854362,2751100000
MI,2019,147,0.08891242349802866,2194500000
MI,2018,152,0.19890677720419814,2578000000
MI,2017,159,0.07314491700491495,2546200000
MI,2016,157,0.15259876172093775,2242900000
MI,2015,162,0.34364828612119885,2659800000
MI,2014,161,0.01241143930710527,2914800000
MI,2013,155,0.1668250544440945,3517200000
MI,2012,132,0.5646688397560153,2865900000
MI,2011,153,0.2688598296685539,3764500000
MI,2010,149,0.6130414402454245,2438200000
MI,2009,148,0.434585743453147,1861400000
MI,2008,138,0.3099242710979298,2416000000
MI,2007,123,0.8816162013557867,2361100000
MI,2006,147,0.2824503647805808,2208500000
MI,2005,143,0.7788804948458905,1918800000
MI,2004,134,0.17084919918864733,2172200000
MI,2003,128,0.7882596792928256,1517200000
MI,2002,117,0.4024305722653818,1420400000
MI,2001,105,0.1949844476237475,1331100000
MI,2000,124,0.5413893971058273,1299000000
MN,2025,201,0.8878491847015676,NA
MN,2024,174,0.9396373087656489,8549299999.999999
MN,2023,185,1.2242074112297707,8501700000.000001
MN,2022,195,0.7767536065935523,11588700000
MN,2021,177,1.4565935962653362,7847200000
MN,2020,191,0.4214631378935262,4712700000
MN,2019,174,0.035538478340512984,3575000000
MN,2018,182,0.22531258989734781,4911900000
MN,2017,194,0.19313566973673016,5215600000
MN,2016,193,0.08407412544172492,4640800000
MN,2015,188,0.6033551534777339,5848900000
MN,2014,156,0.4009726345320266,6891800000
MN,2013,159,1.1982077647879754,8370400000
MN,2012,165,1.4928885893772599,8378900000
MN,2011,155,0.47022688189099815,6603000000
MN,2010,177,0.367201899728214,5092700000
MN,2009,174,0.5646395158942975,4184899999.9999995
MN,2008,162,0.5159942246166154,6143100000
MN,2007,146,1.345898468326426,4575100000
MN,2006,161,0.984470331013939,4212200000
MN,2005,174,0.19014119284138817,3907200000
MN,2004,159,0.7042935198939618,3989600000
MN,2003,146,1.1986366735633804,3042700000
MN,2002,157,0.21659658711991472,2424700000
MN,2001,130,0.07054002625761557,1999500000
MN,2000,145,0.612512907208957,2125600000
MS,2025,180,0.48638870837222675,NA
MS,2024,186,0.9163286139727206,3085200000
MS,2023,181,0.97349617193911675,2469000000
MS,2022,165,0.937737561954463,3115900000
MS,2021,181,0.17814332594562227,2291300000
MS,2020,180,0.15649176625860062,1012600000
MS,2019,174,0.11291258286146476,1429600000
MS,2018,185,0.2877359916320568,1815900000
MS,2017,189,0.5702982314496788,2005200000
MS,2016,166,0.8300194353269773,1323300000
MS,2015,175,0.4872114462281227,1596200000
MS,2014,185,0.2299527322447489,2234500000
MS,2013,176,0.3076348911937232,2758200000
MS,2012,165,0.40925697660521726,1412400000
MS,2011,128,1.079445195717699,1320200000
MS,2010,136,0.678431416809578,1537700000
MS,2009,128,0.17714532940475192,1227800000
MS,2008,140,0.4463752303576929,1259000000
MS,2007,148,1.195627719192116,1439000000
MS,2006,107,0.8602132711007302,1051099999.9999999
MS,2005,126,0.32890707548638437,1730300000
MS,2004,133,0.049600675936389255,2145500000
MS,2003,133,0.048742146784510415,1368400000
MS,2002,120,0.22722079199594158,854700000
MS,2001,130,0.23269396745305784,1249800000
MS,2000,100,1.817981748591337,1000400000
MO,2025,185,0.7667759987669814,NA
MO,2024,183,0.8225549891345649,5524800000
MO,2023,153,1.1981501085566233,5980500000
MO,2022,161,0.7737502704579776,6510300000
MO,2021,159,0.1512447094443158,4369000000
MO,2020,170,0.24724347713553538,2818100000
MO,2019,155,0.015307724210308469,2621300000
MO,2018,140,0.9779147340645935,2577700000
MO,2017,170,0.7610524660237803,3001300000
MO,2016,163,0.2753480615239477,2936500000
MO,2015,142,0.19526393682281531,2781300000
MO,2014,186,0.49430946683663735,4804400000
MO,2013,136,0.8025577995307518,4461000000
MO,2012,75,1.2016878136082454,3004500000
MO,2011,114,0.5398994297333822,3703300000
MO,2010,123,0.23272350367248715,2804800000
MO,2009,153,5.91172281836078e-5,2872900000
MO,2008,144,0.01961497505192263,3316200000
MO,2007,140,0.4242488238308757,2676600000
MO,2006,138,1.2729021500981872,2408900000
MO,2005,111,0.5914554307472327,2263600000
MO,2004,162,0.20841660359652775,3383600000
MO,2003,108,1.1468795272430916,1868100000
MO,2002,105,0.5161108887959173,1274000000
MO,2001,133,0.3083666812161305,1341600000
MO,2000,143,0.9596384190068069,1306300000
MT,2025,132,1.4318283766154714,NA
MT,2024,85,1.4991732284047763,1945800000
MT,2023,129,1.1360977523474969,2543500000
MT,2022,112,1.8396102683037776,2549000000
MT,2021,100,2.002812558707054,1098800000
MT,2020,109,0.6187864124453024,1404800000
MT,2019,95,0.10688688962667245,1567300000
MT,2018,85,0.4616288825245174,1442200000
MT,2017,70,1.1020159935397766,1098200000
MT,2016,100,0.6430373782045636,1517400000
MT,2015,110,0.855085296424649,1719300000
MT,2014,100,0.07048481793290823,1786600000
MT,2013,115,0.8038140408530349,1904400000
MT,2012,104,0.7812716877305202,1623500000
MT,2011,127,0.02538280696209028,1445000000
MT,2010,135,0.3777664822160244,1253800000
MT,2009,152,0.37841682720153397,1034800000
MT,2008,122,0.979906261348599,1196500000
MT,2007,140,1.2670056759144175,1075300000
MT,2006,146,0.9343409441228803,731400000
MT,2005,148,1.6330459170981595,1032000000
MT,2004,143,2.16854993722311,1043200000
MT,2003,140,2.1423967100163384,708700000
MT,2002,140,2.100175644144776,598900000
MT,2001,148,1.8876195039521373,558500000
MT,2000,140,0.9840622583450062,496900000
NE,2025,194,1.305269286929168,NA
NE,2024,188,0.9890720460139368,9215800000
NE,2023,182,1.8994100687264448,11692900000
NE,2022,165,1.9437440817400655,9764200000
NE,2021,194,1.2552190608601697,10041400000
NE,2020,180,0.8335486917358609,5998800000
NE,2019,182,0.019284495913771273,6102600000
NE,2018,192,0.1993151023932807,5462800000
NE,2017,181,0.47397991055555877,5156600000
NE,2016,178,0.24858212494762136,6554400000
NE,2015,185,0.2963899736673742,7620000000
NE,2014,179,0.8631223091676415,8298799999.999999
NE,2013,169,2.2308878951964815,9787200000
NE,2012,142,1.633966334388632,7268900000
NE,2011,160,0.3563210019807326,9185200000
NE,2010,166,0.12593599892404655,5312100000
NE,2009,179,0.12199629626098173,4707400000
NE,2008,163,0.483515159210156,5162800000
NE,2007,160,0.9947209895182301,4781300000
NE,2006,152,1.6699085362647867,3172800000
NE,2005,154,1.2342651602213048,3960000000
NE,2004,166,1.8374680691178957,4266399999.9999995
NE,2003,146,1.9776454075577674,3935900000
NE,2002,128,1.7658184198456306,2149600000
NE,2001,147,0.4334551028255627,2390300000
NE,2000,126,1.6665298218121314,1989500000
NJ,2025,161,1.0859107341896632,NA
NJ,2024,157,0.6863019362173984,962500000
NJ,2023,168,0.29487704521186675,949400000
NJ,2022,114,0.6062118445132916,1252900000
NJ,2021,163,0.046222756542602154,906100000
NJ,2020,156,0.038913282363432944,702900000
NJ,2019,155,0.12241146830258058,762900000
NJ,2018,141,0.052328632492867705,591000000
NJ,2017,167,0.391861361349327,622100000
NJ,2016,145,0.7667647716145003,619800000
NJ,2015,147,0.38998755481515385,658000000
NJ,2014,157,0.11750525895456825,600000000
NJ,2013,139,0.19495203531158523,663200000
NJ,2012,118,0.34547602736215044,635500000
NJ,2011,123,0.02866077995578609,641300000
NJ,2010,114,0.44116701557472826,562500000
NJ,2009,143,0.14187466361681386,559800000
NJ,2008,116,0.18964772931714854,586700000
NJ,2007,124,0.18024747402243177,669700000
NJ,2006,129,0.22340680046243677,647200000
NJ,2005,122,0.16632970221542542,576200000
NJ,2004,143,0,570500000
NJ,2003,113,0,501800000
NJ,2002,61,1.6944708502669201,458500000
NJ,2001,112,0.48605702302226783,435200000
NJ,2000,134,0.01923076923076922,495300000
NM,2025,173,1.9266719218867923,NA
NM,2024,157,1.6795928841078802,1496800000
NM,2023,155,1.584064275133629,1595600000
NM,2022,149,2.0875723437486173,1953900000
NM,2021,184,2.361162486799056,1175900000
NM,2020,195,1.7245338538841373,1000400000
NM,2019,135,1.042086652449689,1194200000
NM,2018,187,2.154747390823171,1177300000
NM,2017,134,0.3237862482416466,1260900000
NM,2016,150,0.7550800512426414,1241100000
NM,2015,180,0.9554770685006864,1167800000
NM,2014,195,1.8883211688740393,1463400000
NM,2013,190,2.2256498774937277,1300600000
NM,2012,170,2.073698194991771,1291700000
NM,2011,180,2.275942981317238,1445300000
NM,2010,180,0.4147626001895082,1180800000
NM,2009,190,0.7033679786762835,736100000
NM,2008,185,0.7441860072801442,1069500000
NM,2007,180,0.3886299426853146,1204800000
NM,2006,185,1.42104990668436,898100000
NM,2005,175,1.0158685460771286,1121000000
NM,2004,180,2.0242268373794494,1148900000
NM,2003,180,2.015520275489889,767900000
NM,2002,175,1.917552674924885,726800000
NM,2001,180,0.5817609378615499,939000000
NM,2000,160,1.130771851527572,745700000
NY,2025,140,0.6602017485697544,NA
NY,2024,169,0.30926739997071795,3360500000
NY,2023,159,0.25825597303182823,3195100000
NY,2022,142,0.2666722840433448,4676400000
NY,2021,167,0.36495800065889783,3201100000
NY,2020,157,0.5039355779832247,2241200000
NY,2019,158,0.03818887556120828,2467600000
NY,2018,159,0.2612544741114393,2129000000
NY,2017,161,0.2705185834143421,2370200000
NY,2016,129,0.9609552967837,2025800000
NY,2015,143,0.44276326632812385,2227200000
NY,2014,148,0.11418123713802418,2981700000
NY,2013,137,0.17917072696692599,3002000000
NY,2012,134,0.4575944213120184,2531600000
NY,2011,133,0.09543192188853271,2761000000
NY,2010,149,0.13099081567973647,2281400000
NY,2009,134,0.032379705883025904,1706700000
NY,2008,144,0.028641875149835634,2375800000
NY,2007,128,0.21903655343201517,2172500000
NY,2006,129,0.06047992263025806,1713000000
NY,2005,124,0.16111213929371507,1799500000
NY,2004,122,0.017173245548435086,1862600000
NY,2003,121,0.03240281961866939,1442600000
NY,2002,97,0.4948201704339324,1282100000
NY,2001,105,0.5334334585679656,1558800000
NY,2000,98,0.0018889559478844024,1377000000
NC,2025,144,0.8993793357135861,NA
NC,2024,87,0.5314062167395351,5898500000
NC,2023,147,0.5222530843599007,5198500000
NC,2022,126,0.7808219001142489,7152900000
NC,2021,149,0.48547614353274476,4837100000
NC,2020,113,0.016774995185728753,2188000000
NC,2019,111,0.2945060146429868,2869700000
NC,2018,113,0.20570470729044074,3198200000
NC,2017,142,0.5468258505194579,4184800000
NC,2016,129,0.496683526604781,3506200000
NC,2015,113,0.3844170651636722,4103899999.9999995
NC,2014,132,0.15042871378417125,4703800000
NC,2013,142,0.35081725047174606,4424400000
NC,2012,117,0.7536483645519918,3795000000
NC,2011,84,1.0806822183264784,3080000000
NC,2010,91,0.490327735797754,3365200000
NC,2009,117,0.618288129541315,3195200000
NC,2008,78,1.9063786410616874,3273000000
NC,2007,100,1.5286980459540642,3276400000
NC,2006,132,0.6160625429479172,3353600000
NC,2005,120,0.29642146256128893,3593900000
NC,2004,117,0.09788874247271162,3679800000
NC,2003,106,0.05373040836666863,2352200000
NC,2002,83,1.8573325049143876,2061500000
NC,2001,125,1.4142847135017007,3611900000
NC,2000,116,0.7732108657387567,3452700000
ND,2025,158,0.742125004051642,NA
ND,2024,149,0.8707365478250763,4865200000
ND,2023,143,0.9557182091690668,5702700000
ND,2022,130,1.0070232846529423,6804400000
ND,2021,105,2.150589117423042,4138700000
ND,2020,139,0.8121770100859508,2901100000
ND,2019,131,0.18829037290487222,2423700000
ND,2018,153,1.0485912418570245,2996100000
ND,2017,139,1.0300305951608935,2759400000
ND,2016,158,0.3379299546554381,2605600000
ND,2015,128,0.49750839589879803,2435200000
ND,2014,124,0.0999396265092518,2805700000
ND,2013,110,0.6133022231516617,3415200000
ND,2012,122,1.193960196118098,4814900000
ND,2011,105,0.08937706868589312,2901700000
ND,2010,132,0.010215144932650263,2609900000
ND,2009,115,0.18666852858597696,2466200000
ND,2008,124,1.4513741056966967,3138100000
ND,2007,116,1.0092577465780161,2453700000
ND,2006,111,1.0120934913274284,1458400000
ND,2005,129,0.6822816407474915,1373100000
ND,2004,105,1.1144870930269815,1523300000
ND,2003,112,1.120816726307183,1747700000
ND,2002,114,0.8427994160558783,1109600000
ND,2001,115,0.1771667807418383,860000000
ND,2000,112,0.36713559430896775,926600000
OH,2025,185,0.5356229653867681,NA
OH,2024,177,0.8715673710945864,5565600000
OH,2023,198,0.42342744922208214,6517500000
OH,2022,187,0.25700432876122864,6122000000
OH,2021,193,0.17669148469718812,5364700000
OH,2020,171,0.20932136995222683,3218600000
OH,2019,164,0.12401937285195391,2344700000
OH,2018,187,0.016976857359212352,3545700000
OH,2017,177,0.09458698913989509,3053800000
OH,2016,159,0.3215662098320495,2303400000
OH,2015,153,0.13419934060439215,2627200000
OH,2014,176,0.014719754302777938,3928300000
OH,2013,174,0.043254773894445105,4689500000
OH,2012,120,0.5694434652900671,3399200000
OH,2011,153,0.05466567305073546,4092700000
OH,2010,160,0.2915520352415039,2680600000
OH,2009,171,0.16675801247261607,2707700000
OH,2008,131,0.29564269067065124,2447000000
OH,2007,150,0.5605115595899977,2494300000
OH,2006,159,0.07159469315433611,2112600000
OH,2005,143,0.28720825090097224,2028500000
OH,2004,158,0.018977613743280476,2599000000
OH,2003,156,0.17511496757104128,1771200000
OH,2002,89,0.5154486170933228,1539700000
OH,2001,138,0.2896037825347661,1682400000
OH,2000,147,0.35721227457654686,1784900000
OK,2025,122,0.6348361918043514,NA
OK,2024,98,0.9248752560333543,3722600000
OK,2023,149,1.6206658305104868,3847400000
OK,2022,122,2.1548223076933324,3503400000
OK,2021,150,0.7904945934696861,2875700000
OK,2020,135,0.7145590454849426,1571200000
OK,2019,137,0.2756813025591275,2294500000
OK,2018,134,1.386924353340835,2518200000
OK,2017,126,0.8894562872209901,2541800000
OK,2016,121,0.5773631595283418,2218800000
OK,2015,129,0.9803702441624019,2876900000
OK,2014,147,1.975235688641233,2864300000
OK,2013,145,1.883050390489769,2852000000
OK,2012,110,1.9517898392586943,2850500000
OK,2011,92,2.2082661061259006,2503000000
OK,2010,128,0.32582457015415384,1863800000
OK,2009,105,0.5938076425669409,1129900000
OK,2008,110,0.5512119703303422,1863200000
OK,2007,145,0.3849237482989756,1699300000
OK,2006,105,2.0727051202464195,1637800000
OK,2005,115,0.7157927198157998,2179100000
OK,2004,150,0.39981706808511375,2315400000
OK,2003,125,0.7816445977507566,1647500000
OK,2002,130,0.689056498403315,1584800000
OK,2001,125,0.5294607099632394,1354800000
OK,2000,140,0.48469492419342114,1452300000
OR,2025,236,0.7986775602156273,NA
OR,2024,208,0.7836135064573752,3111800000
OR,2023,214,1.4432015614273597,3315900000
OR,2022,237,2.14703842129686,3701800000
OR,2021,240,2.249218346860812,2720700000
OR,2020,241,1.7339344612896288,2158700000
OR,2019,237,0.7273555218452387,2167000000
OR,2018,195,1.5307249476903655,2349800000
OR,2017,212,0.25901837797953275,2202800000
OR,2016,230,1.2182266569513516,2561400000
OR,2015,188,2.176767833929915,2486800000
OR,2014,190,1.9398226821979974,2483900000
OR,2013,188,1.266208609285131,2539100000
OR,2012,205,0.826632133705725,2266700000
OR,2011,215,0.05707748786680201,2175600000
OR,2010,200,0.5673390672965013,1795200000
OR,2009,215,0.818689093004948,1897200000
OR,2008,195,0.9083362608013889,2189600000
OR,2007,200,0.9621614739632052,2233200000
OR,2006,180,0.017474949099594007,2301900000
OR,2005,160,1.5095950147876613,2048300000.0000002
OR,2004,170,1.128080339776665,2149400000
OR,2003,170,1.7001386850309874,1836100000
OR,2002,160,1.191301197880497,1567800000
OR,2001,140,1.8159306562683064,1558500000
OR,2000,180,0.06646702450929096,1553700000
PA,2025,151,0.7828097332636628,NA
PA,2024,138,0.5681282845114992,3790800000
PA,2023,157,0.3381359694199274,3564400000
PA,2022,140,0.19421470772413024,5168700000
PA,2021,169,0.11876689384416964,3421500000
PA,2020,138,0.46408788280254604,2148500000
PA,2019,153,0.06331422180591205,2652700000
PA,2018,140,0.07251523187239578,2463800000
PA,2017,161,0.29703207671469334,2834700000
PA,2016,129,0.6244057487000004,2212400000
PA,2015,147,0.3013240252440874,2943700000
PA,2014,154,0.09684630408213472,3868500000
PA,2013,146,0.19944122565968522,3550300000
PA,2012,131,0.22513897758180268,3131800000
PA,2011,111,0.13073769400170362,3007300000
PA,2010,128,0.28987514583224794,2407500000
PA,2009,142,0.19176404553863788,1986200000
PA,2008,133,0.14356254724337889,2489100000
PA,2007,124,0.256719204456944,2662000000
PA,2006,122,0.14760110607860194,2367100000
PA,2005,122,0.2585308958896769,2499200000
PA,2004,140,5.331819139612899e-4,2710500000
PA,2003,115,0.04392100804748156,2109400000
PA,2002,68,0.9313355795334951,1580300000
PA,2001,98,0.6862384181810038,1970300000
PA,2000,127,0.06027635451834141,2018900000
SC,2025,138,0.7991516281378357,NA
SC,2024,101,0.5220856285444654,1331300000
SC,2023,150,0.40668977008913493,978300000
SC,2022,122,0.6670288362030482,1353100000
SC,2021,139,0.3871523560377954,987600000
SC,2020,132,0.04712804698611407,505400000
SC,2019,106,0.6938870364750961,574600000
SC,2018,127,0.4398552611362981,643300000
SC,2017,136,0.6003778367951812,733700000
SC,2016,127,0.6318808206089735,618800000
SC,2015,93,0.4446661001042443,649800000
SC,2014,117,0.1747717684012436,713900000
SC,2013,129,0.5627250215523203,1080300000
SC,2012,122,1.6243492567863684,798900000
SC,2011,65,1.6034240820164416,737400000
SC,2010,84,0.4964491091341523,823900000
SC,2009,111,0.6417689746540941,761500000
SC,2008,63,1.987033651732567,734900000
SC,2007,97,1.4105290796385896,618700000
SC,2006,110,0.5673779003719235,759400000
SC,2005,114,0.16452986719064427,853300000
SC,2004,100,0.41288556990843184,1041599999.9999999
SC,2003,105,0.15412096485649793,807800000
SC,2002,47,2.070485158516534,468500000
SC,2001,108,1.5882110002080425,821200000
SC,2000,65,1.4520651530997346,710500000
SD,2025,171,1.0327140119417093,NA
SD,2024,164,0.8510244839186923,5928700000
SD,2023,152,0.9065707303721782,7216900000
SD,2022,132,1.4486492726240903,7184200000
SD,2021,134,1.7391312005908244,5430800000
SD,2020,162,0.6687023642873993,3515400000
SD,2019,144,0.0053771939556530625,3055100000
SD,2018,160,0.7289106842512427,3513100000
SD,2017,145,1.1636395197715859,3112800000
SD,2016,161,0.6630409974259772,3060100000
SD,2015,159,0.46469493071382983,3654800000
SD,2014,148,0.2054386243605904,4181800000
SD,2013,137,1.3246088266415952,5111600000
SD,2012,101,1.5335109303200707,4118000000
SD,2011,132,0.1813030907998624,4738300000
SD,2010,135,0.028212829424317066,2657600000
SD,2009,151,0.04886291687051526,2774400000
SD,2008,133,0.5318782015699359,3176500000
SD,2007,121,1.1443030086484616,2577800000
SD,2006,97,1.5367482601518505,1341900000
SD,2005,119,1.0975739630123296,1832600000
SD,2004,130,1.5273273816287414,2562700000
SD,2003,111,1.804122481487544,1888100000
SD,2002,95,1.4303714149991236,1067800000
SD,2001,109,0.170530009884411,1392000000
SD,2000,112,0.5646424306706915,1518300000
TN,2025,162,0.5786910474629456,NA
TN,2024,152,0.9950574746161298,1965200000
TN,2023,173,0.6085336917698432,1937800000
TN,2022,130,0.51436163128012935,2192200000
TN,2021,170,0.153011381231423,1830000000
TN,2020,170,0.09699116515621956,829200000
TN,2019,177,0.1973483309607939,1045900000.0000001
TN,2018,168,0.11124969449260746,914400000
TN,2017,171,0.3187482193828739,1109500000
TN,2016,151,0.9202754209457218,999100000
TN,2015,160,0.21414220192865147,1377100000
TN,2014,168,0.19241849460187965,1476900000
TN,2013,156,0.0314986068903481,1935800000
TN,2012,85,0.7670578325102833,1103600000
TN,2011,131,0.4087770644130058,1455400000
TN,2010,117,0.4725112999749937,990900000
TN,2009,148,0.18463930100665504,1108200000
TN,2008,118,1.705894675420681,1067900000.0000001
TN,2007,106,1.961992606461347,644900000
TN,2006,125,0.4226189557998013,999800000
TN,2005,130,0.3583742474190054,1009700000
TN,2004,140,0.015121037195559503,1127600000
TN,2003,131,8.95331221504351e-4,874000000
TN,2002,107,0.4342135757916372,653700000
TN,2001,132,0.9606485772904463,853800000
TN,2000,114,1.4555534773105356,779500000
TX,2025,135,1.5327368428937862,NA
TX,2024,112,1.2500282668392217,14942900000
TX,2023,122,1.6756677982302464,16445300000
TX,2022,95,2.0821170267508746,15051700000
TX,2021,128,1.140249784392218,10318700000
TX,2020,128,1.2605731844546348,6315000000
TX,2019,133,0.6518147293451626,6701500000
TX,2018,108,1.1880615930478946,7612500000
TX,2017,140,0.3843237371299915,8160500000
TX,2016,127,0.24462896776721804,7184400000
TX,2015,135,0.8499215311352157,10278500000
TX,2014,148,1.7899096522200453,8786500000
TX,2013,136,1.977670916882797,8924200000
TX,2012,129,2.0242094865075853,6696100000
TX,2011,91,2.5282562846795886,6979500000
TX,2010,144,0.4411834767302783,7516000000
TX,2009,124,1.5954486902827258,4091800000
TX,2008,118,1.32075948330263,4957800000
TX,2007,148,0.47521953134894634,6887500000
TX,2006,121,2.022147041564097,5928400000
TX,2005,114,0.7436874308839034,7150100000
TX,2004,139,0.40810107024703274,8654400000
TX,2003,118,0.9331061614916054,7389700000
TX,2002,113,0.9758284792561428,5959800000
TX,2001,118,0.9662291705558441,5316200000
TX,2000,124,1.5293456505640282,5210500000
UT,2025,172,1.7666034002348436,NA
UT,2024,167,0.6457252737549488,1181500000
UT,2023,185,0.9259784199253029,1177100000
UT,2022,165,2.301190277478677,1498700000
UT,2021,179,2.7044744912220677,956500000
UT,2020,149,1.8861307860156626,761600000
UT,2019,143,0.8641761218986246,821000000
UT,2018,182,2.0497295310013564,782900000
UT,2017,176,0.4800105850666455,762900000
UT,2016,175,0.8807894229459543,718300000
UT,2015,173,1.589980256438818,904400000
UT,2014,160,1.4960408032449113,950100000
UT,2013,170,1.7609154592214753,893100000
UT,2012,167,1.7259427592492531,646800000
UT,2011,164,0.05872464974195472,705000000
UT,2010,178,0.495382868330991,498200000
UT,2009,150,0.46849426166467156,303500000
UT,2008,157,0.778624978175746,465800000
UT,2007,150,1.4946278832706068,469200000
UT,2006,157,0.2511805247862782,408900000
UT,2005,163,0.6077666464622561,520400000
UT,2004,155,2.2636721421195114,567500000
UT,2003,155,2.546267006181884,412000000
UT,2002,142,1.9721030829432742,374900000
UT,2001,142,0.743623871896731,497200000
UT,2000,144,0.5755757941197877,401300000
VA,2025,168,0.7803674773656226,NA
VA,2024,114,0.7348762005187501,1636600000
VA,2023,157,0.6793000186520062,1605600000
VA,2022,167,0.36905040307268855,2776600000
VA,2021,160,0.35287637059139376,1549800000
VA,2020,122,0.026889178310201288,818000000
VA,2019,144,0.2315439504219195,1167200000
VA,2018,146,0.32298683074551876,1174200000
VA,2017,140,0.5000812507652785,1327500000
VA,2016,148,0.2678116773407075,1079600000
VA,2015,161,0.1425400639457802,1309700000
VA,2014,145,0.15757490822532544,1479900000
VA,2013,154,0.15705315586468807,1531100000
VA,2012,103,0.5558918592835441,1295800000
VA,2011,118,0.5088346717178845,1411200000
VA,2010,67,0.4892550528130049,1038200000
VA,2009,131,0.37878443978842086,1030700000
VA,2008,108,1.1530606564247985,1064500000
VA,2007,86,1.03182488645276,1014300000
VA,2006,120,0.44501813978639965,1009900000
VA,2005,118,0.2168850514448981,1208000000
VA,2004,145,5.562966150301748e-4,1265500000
VA,2003,115,3.265625926231014e-5,767100000
VA,2002,68,1.8159712115721507,780400000
VA,2001,123,0.7868437204017259,926100000
VA,2000,146,0.4605007288314805,992400000
WA,2025,251,1.315075412034616,NA
WA,2024,235,0.8817479394562262,5732800000
WA,2023,240,0.9998391767737653,5502100000
WA,2022,220,1.0867062524181024,6568600000
WA,2021,248,1.6162826012595017,5199700000
WA,2020,228,1.0050036017242616,4743700000
WA,2019,237,0.8635007974729232,5018000000
WA,2018,220,0.6732605516935601,4937600000
WA,2017,225,0.3201216330345388,4826000000
WA,2016,235,0.5059924559993614,4851500000
WA,2015,215,1.6381932826599073,5529200000
WA,2014,215,1.2451940043034717,4621900000
WA,2013,215,0.1359901393992754,5014600000
WA,2012,215,0.25452768358452643,5049600000
WA,2011,225,0.038287049064399045,5006100000
WA,2010,205,0.3316855733700389,3708400000
WA,2009,215,0.8243657530511904,3497000000
WA,2008,205,0.235609180059445,3645900000
WA,2007,210,0.2838021817785726,4095100000
WA,2006,210,0.20050352575422087,3275000000
WA,2005,205,1.5686759002485464,3161200000
WA,2004,200,0.5259429123161755,3515200000
WA,2003,195,0.8404210770281791,3347300000
WA,2002,190,0.42584035982270835,2588100000
WA,2001,190,1.6671846759196876,2438100000
WA,2000,185,0.012916367741160137,2600100000
WV,2025,153,0.698542038100194,NA
WV,2024,110,1.0218351486081843,424100000
WV,2023,145,0.39419558264685667,330300000
WV,2022,168,0.11174358430165963,537500000
WV,2021,144,0.19939983129347733,246900000
WV,2020,144,0.07126413304743531,148500000
WV,2019,165,0.16226360986701077,216200000
WV,2018,152,0.018203196618736796,216400000
WV,2017,152,0.059607294680832826,246700000
WV,2016,145,0.22671323911187924,177000000
WV,2015,148,0.16003758939601118,203500000
WV,2014,149,0.0848295112488084,224100000
WV,2013,147,0.11828793853459214,224800000
WV,2012,128,0.17122073361179915,156700000
WV,2011,114,0.16217929349053753,193700000
WV,2010,90,0.4390166752876247,134800000
WV,2009,126,0.2927571177256619,120000000
WV,2008,130,0.4280143329814439,128699999.99999999
WV,2007,111,0.8680304224573021,90200000
WV,2006,120,0.23924161596378082,119200000
WV,2005,109,0.22117316340550347,149000000
WV,2004,131,0,157200000
WV,2003,115,0.008127556132572671,96100000
WV,2002,105,0.7672413344551033,74700000
WV,2001,120,0.5408268487601566,128300000.00000001
WV,2000,130,0.44260951385443337,109900000
WI,2025,188,0.7071411757687771,NA
WI,2024,174,0.8546279355832355,6359600000
WI,2023,176,0.9542535510730811,5970900000
WI,2022,180,0.7111046608183672,7159300000
WI,2021,180,0.8469196551577277,5523200000
WI,2020,173,0.0737761434826136,4205899999.9999995
WI,2019,166,0.002953953396174678,3890200000
WI,2018,172,0.13215452931427313,4165000000
WI,2017,174,0.046813824507153705,4195200000
WI,2016,178,0.014882879054726003,3926800000
WI,2015,164,0.37219801153698256,4788100000
WI,2014,156,0.20378674584708623,5189500000
WI,2013,145,0.8093022302747509,5081600000
WI,2012,120,0.9510714273080155,4508100000
WI,2011,155,0.13309425409686343,4766300000
WI,2010,162,0.5720857759985913,3358600000
WI,2009,153,1.3346938195191338,2418500000
WI,2008,137,0.5972139369702069,3392700000
WI,2007,135,0.9262025075454764,4006700000
WI,2006,143,0.587915995589017,2961800000
WI,2005,148,0.7632740816867398,3050700000
WI,2004,136,0.4994504394888113,3551400000
WI,2003,129,1.0007800457830467,2753900000
WI,2002,135,0.04068071937718168,2383200000
WI,2001,127,0.07463694630445031,2559000000
WI,2000,132,0.39376693060431445,2027500000
WY,2025,145,1.5678800234273242,NA
WY,2024,155,1.265112158472428,668800000
WY,2023,153,0.585718931032479,938500000
WY,2022,153,1.7233289004232917,933300000
WY,2021,132,1.9492282903357578,612400000
WY,2020,122,1.0736220437591102,492400000
WY,2019,123,0.2669534627526565,579400000
WY,2018,164,0.39303931004869175,598800000
WY,2017,155,0.2511571672386698,547500000
WY,2016,147,0.7478872174732617,555900000
WY,2015,159,0.35483335540545585,627600000
WY,2014,138,0.14668598781882783,671800000
WY,2013,127,1.765329300061925,644900000
WY,2012,142,1.3875497571796434,500100000
WY,2011,130,0.08365808134857303,719000000
WY,2010,123,0.7461978343736614,434100000
WY,2009,140,0.2963546352441873,369200000
WY,2008,134,1.11359148162808,400200000
WY,2007,129,1.8672143392446305,303300000
WY,2006,129,1.619956107551522,357500000
WY,2005,140,1.839753482525564,385000000
WY,2004,131,2.222185805143774,401600000
WY,2003,129,2.3078759287370496,364600000
WY,2002,119,2.38406768126413,256000000
WY,2001,125,1.569528846537688,362400000
WY,2000,132,0.6229428125663943,318800000
